Model,Top1,Top5
svt_dino_30,44.57516339869281,67.6470588235294
svt_mae_30,36.60130718954248,57.254901960784316